Created_at,Tweet,Retweet_count,Favourite_count,User,Followers,Location,Tweet_polarity,Category
2023-01-08 03:25:45+00:00,Head feels full and fuzzy like trying to figure out math and I dont understand severe frustration and inability t http,0,0,texaswinehouse,45434,TX,2,PC
2023-01-08 03:27:13+00:00,RT @user I wanted to share a gentle reminder about the differences between a # and a tantrum. Life isn't easy as a result,13,0,texaswinehouse,45434,TX,1,PC
2023-01-08 03:26:27+00:00,"RT @user # does not stop at 18.

Adults are still autistic.

Age is irrelevant.

Any diagnosed autistic is one meltdown awa",8,0,texaswinehouse,45434,TX,1,PC
2023-01-08 03:26:10+00:00,"RT @user Thread: Autistic adults and public meltdowns.

As an Autistic adult having a meltdown in public can be dangerous for som",12,0,texaswinehouse,45434,TX,2,PC
2023-01-08 03:25:45+00:00,Head feels full and fuzzy like trying to figure out math and I dont understand severe frustration and inability t http,0,0,texaswinehouse,45434,TX,2,PC
2023-01-08 03:23:51+00:00,RT @user You dont know despair until your kid with autism has an unexpected meltdown in a crowded restaurant and the adults wit,45,0,texaswinehouse,45434,TX,2,PC
2023-01-08 03:14:16+00:00,"RT @user The strange combination of depression, autism and ADHD that makes successfully brushing your teeth a moment of real pri",226,0,texaswinehouse,45434,TX,2,PC
2023-01-08 03:14:05+00:00,"RT @user Autism, depression and anxiety go together very frequently. One reason for this, in my view, is because autistic natura",694,0,texaswinehouse,45434,TX,1,PC
2023-01-08 03:13:28+00:00,RT @user Do you struggle with getting in touch with your # in light of your new self awareness or dx? Have years of,1,0,texaswinehouse,45434,TX,1,PC
2023-01-08 03:12:52+00:00,"RT @user Those with autism DO feel compassion &amp; lonliness like everyone else, but find it difficult to express and process like othe",3,0,texaswinehouse,45434,TX,2,PC
2023-01-08 03:12:28+00:00,"RT @user maturity
sufficiency
shutdown
Autism
lonliness",1,0,texaswinehouse,45434,TX,2,PC
2023-01-08 03:12:19+00:00,"RT @user In 2019 autism really shouldnt be used as an assault. Autism can actually be a very serious condition to be in, my sid",5,0,texaswinehouse,45434,TX,2,PC
2023-01-08 03:12:02+00:00,"RT @user We are stronger together  

#BritainGetTalking  
.
.
.
#MentalHealth # # # # #",9,0,texaswinehouse,45434,TX,0,PC
2023-01-08 03:11:50+00:00,"RT @user If you have...

Depression 
Anxiety 
Autism 
Bipolar 
ADHD
Stress
Feel Self-Conscious 
Lonliness

Know you are not alone and",38,0,texaswinehouse,45434,TX,1,PC
2023-01-08 02:50:30+00:00,http,1,3,texaswinehouse,45434,TX,2,PC
2023-01-08 02:44:22+00:00,Check out Nasira-Fazli's video! # http,0,0,texaswinehouse,45434,TX,0,PC
2023-01-08 02:31:04+00:00,RT @user Yall do realize that this just gives credence to the fact that clinical research into autism and ADHD has not gone deep en,9,0,texaswinehouse,45434,TX,2,PC
2023-01-08 02:30:37+00:00,@user So do you like up your cars and stack your blocks  ,0,0,texaswinehouse,45434,TX,1,PC
2023-01-08 02:30:09+00:00,"RT @user I haven't talked about this much because it's something I've been poking at privately, but it is REAL wild that you can g",259,0,texaswinehouse,45434,TX,0,PC
2023-01-08 02:29:52+00:00,"RT @user I speak negatively on burnout but the reality is, without it, I may have never learned I was autistic. I kept putting my",82,0,texaswinehouse,45434,TX,2,PC
2023-01-08 02:29:03+00:00,@user Yesss,0,0,texaswinehouse,45434,TX,0,PC
2023-01-08 03:20:27+00:00,Like Im really bad about always forcing myself to finish food and I hope this lets my brain be better at it. Im http,0,0,2moe2eat,320,aaron  19yo  any prn,2,SI
2023-01-08 03:27:07+00:00,"RT @user cut out unnecessary cals / how many cals everyday food add-ins really have , "" a for edtwt "" http",39,0,2moe2eat,320,aaron  19yo  any prn,2,SI
2023-01-08 03:26:11+00:00,RT @user http,92,0,2moe2eat,320,aaron  19yo  any prn,0,SI
2023-01-08 03:22:05+00:00,RT @user how i make it through 7+ day liquid/water fast - a thread for edtwt http,247,0,2moe2eat,320,aaron  19yo  any prn,0,SI
2023-01-08 03:21:44+00:00,RT @user http,13,0,2moe2eat,320,aaron  19yo  any prn,0,SI
2023-01-08 03:21:35+00:00,Girlbloging while in his arms,0,2,2moe2eat,320,aaron  19yo  any prn,0,SI
2023-01-08 03:20:27+00:00,Like I'm really bad about always forcing myself to finish food and I hope this let's my brain be better at it. I'm http,0,0,2moe2eat,320,aaron  19yo  any prn,2,SI
2023-01-08 03:20:27+00:00,"So when I eventually get hunger pains my plan is to
1. Weigh thing I'm gonna eat.
2. Tiny tiny bites only till stom http",0,0,2moe2eat,320,aaron  19yo  any prn,2,SI
2023-01-08 03:17:24+00:00,When / if he gets up I'm gonna make salmon patties for us and friends. I'll save one since they are pretty low cal.,0,0,2moe2eat,320,aaron  19yo  any prn,0,SI
2023-01-08 03:17:24+00:00,I got the  sleepies and he came in to tuck me in and then got horny and fell asleep after. Now I'm wide awake and http,0,0,2moe2eat,320,aaron  19yo  any prn,1,SI
2023-01-08 03:17:23+00:00," all day and it was pretty easy, except saying no to my boyfriend's food. He's sleeping right next to me now he's such a good boy.",0,0,2moe2eat,320,aaron  19yo  any prn,0,SI
2023-01-08 00:43:14+00:00,RT @user this is so ednos http,1,0,2moe2eat,320,aaron  19yo  any prn,0,SI
2023-01-07 17:09:33+00:00,RT @user http,21081,0,2moe2eat,320,aaron  19yo  any prn,0,SI
2023-01-07 17:07:53+00:00,RT @user nothing worse than disordered thoughts without the disordered intake,538,0,2moe2eat,320,aaron  19yo  any prn,2,SI
2023-01-07 17:04:21+00:00,RT @user Dont you think they want a partner they can easily pick up and hold? All they feel when they hug you now is fat. What,158,0,2moe2eat,320,aaron  19yo  any prn,2,SI
2023-01-07 17:03:20+00:00,RT @user Dancers (mostly ballerinas) and contortionist    a thread for edtwt with bodies in motion because thats what gets me t,300,0,2moe2eat,320,aaron  19yo  any prn,0,SI
2023-01-07 17:01:31+00:00,RT @user shes so hot http,133,0,2moe2eat,320,aaron  19yo  any prn,0,SI
2023-01-07 16:59:53+00:00,Cleaning my following but not removing moots just doin some scrubbing to make tl interesting again,0,1,2moe2eat,320,aaron  19yo  any prn,0,SI
2023-01-07 16:54:44+00:00,Like making myself believe food isnt for taste it's like taking meds to stop from hurting if that makes sense. Idk http,0,1,2moe2eat,320,aaron  19yo  any prn,2,SI
2023-01-07 16:53:27+00:00,this is a joke I always feel garbage while eating I just have been binging nonstop and have decided to only eat to http,0,1,2moe2eat,320,aaron  19yo  any prn,2,SI
2023-01-07 16:53:27+00:00,restarting my eating disorder (real this time),0,2,2moe2eat,320,aaron  19yo  any prn,2,SI
2023-01-08 02:59:48+00:00,@user Yeah it's crazy bro my whole life had been turned inside out the last 6 months I'm a shell of a person t http,0,0,krisxdash,952,"Detroit, MI",2,PC
2023-01-08 02:41:15+00:00,And whoever is tweet watching me just know fuck you you could have messaged me told me to delete and been a friend http,0,0,krisxdash,952,"Detroit, MI",1,PC
2023-01-07 23:22:48+00:00,"I've stumbled, made many mistakes been hurt and hurt others. I accept reality for what it is and people for who the http",0,1,krisxdash,952,"Detroit, MI",1,PC
2023-01-07 20:30:56+00:00,Shout out to accountability,0,0,krisxdash,952,"Detroit, MI",0,PC
2023-01-07 19:51:51+00:00,Growth is a day by day process,0,0,krisxdash,952,"Detroit, MI",0,PC
2023-01-07 19:50:14+00:00,I'm so much more mature than that. Very disappointed in myself rn,0,0,krisxdash,952,"Detroit, MI",2,PC
2023-01-06 05:33:47+00:00,I wonder where in my karma I deserved how I was treated this last year,1,1,krisxdash,952,"Detroit, MI",2,PC
2023-01-06 05:32:58+00:00,RT @user You know what I think about often The Goofy Movie.,3,0,krisxdash,952,"Detroit, MI",0,PC
2023-01-05 06:00:31+00:00,All I know is the combination should be considered a deadly toxin http,0,1,krisxdash,952,"Detroit, MI",2,PC
2023-01-05 05:58:54+00:00,So with side hustle culture what are we gunna tell our kids in career day,0,0,krisxdash,952,"Detroit, MI",0,PC
2023-01-05 05:56:59+00:00,Ideas of fun,0,0,krisxdash,952,"Detroit, MI",0,PC
2023-01-04 19:46:55+00:00,@user Let's go,0,1,krisxdash,952,"Detroit, MI",0,PC
2023-01-04 19:46:29+00:00,@user You need to give me your lays,0,1,krisxdash,952,"Detroit, MI",2,PC
2023-01-04 18:56:58+00:00,Baby you played yourself straight up .,0,0,krisxdash,952,"Detroit, MI",2,PC
2023-01-03 23:53:56+00:00,"RT @user just because youre strong enough to handle the pain, doesnt mean you deserve it.",13335,0,krisxdash,952,"Detroit, MI",1,PC
2023-01-03 23:34:19+00:00,I lost everything last year and I want none of it back.,0,1,krisxdash,952,"Detroit, MI",2,PC
2023-01-03 15:08:41+00:00,RT @user Its Tuesday....You're walking in smacking motherfuckers like Dana White.....,2076,0,krisxdash,952,"Detroit, MI",1,PC
2023-01-03 15:05:23+00:00,"RT @user ppl be lying, knowing they lying, knowing u know they lying.. &amp; still lie",35781,0,krisxdash,952,"Detroit, MI",2,PC
2023-01-03 15:03:16+00:00,@user Nah we not checking anybody we just letting you know. We know some of our friends aint shit y'all be convinced otherwise,0,0,krisxdash,952,"Detroit, MI",1,PC
2023-01-03 06:29:08+00:00,Honestly that really fucking hurts,0,0,krisxdash,952,"Detroit, MI",2,PC
2023-01-08 02:58:27+00:00,i only care about myself. everyones trying to hurt me.,0,0,buttonquaiI,2,the l is an i ,2,SC
2023-01-08 01:28:44+00:00,combat rock,0,0,buttonquaiI,2,the l is an i ,0,SC
2023-01-08 00:58:41+00:00,JUMP!,0,0,buttonquaiI,2,the l is an i ,0,SC
2023-01-08 00:28:10+00:00,tusk!,0,0,buttonquaiI,2,the l is an i ,1,SC
2023-01-07 22:58:04+00:00,id give it all to love that girl,0,0,buttonquaiI,2,the l is an i ,0,SC
2023-01-07 22:27:41+00:00,i guess youd call it suicide,0,0,buttonquaiI,2,the l is an i ,2,SC
2023-01-07 21:57:43+00:00,THIS IS RADIO CLASH.,0,0,buttonquaiI,2,the l is an i ,2,SC
2023-01-07 21:27:35+00:00,"welcome home, coraline!",0,0,buttonquaiI,2,the l is an i ,0,SC
2023-01-07 20:57:37+00:00,"i get up, and nothing gets me down.",0,0,buttonquaiI,2,the l is an i ,1,SC
2023-01-07 19:57:20+00:00,so what do you want from me?!,0,0,buttonquaiI,2,the l is an i ,1,SC
2023-01-07 18:57:45+00:00,COMPLETE CONTROL,0,0,buttonquaiI,2,the l is an i ,2,SC
2023-01-07 18:27:55+00:00,"guardian angels up above, take care of the one i love.",0,0,buttonquaiI,2,the l is an i ,0,SC
2023-01-07 17:58:16+00:00,rupert garcia should be a tumblr sexyman,0,0,buttonquaiI,2,the l is an i ,0,SC
2023-01-07 17:28:57+00:00,"in a big country, dreams stay with you, like a lover's voice fires the mountainside.",0,0,buttonquaiI,2,the l is an i ,0,SC
2023-01-07 16:58:50+00:00,"when they kick at your front door, howre you gonna come? with your hands on your head, or on the trigger of your gun?",0,0,buttonquaiI,2,the l is an i ,1,SC
2023-01-07 16:29:32+00:00,how could they know?,0,0,buttonquaiI,2,the l is an i ,2,SC
2023-01-07 15:59:20+00:00,"i wonder if i take you home, would you still make me love?",0,0,buttonquaiI,2,the l is an i ,1,SC
2023-01-07 14:59:55+00:00,can i take you to a restaurant thats got glass tables? you can watch yourself while you are eating.,0,0,buttonquaiI,2,the l is an i ,0,SC
2023-01-07 14:29:15+00:00,laurel,0,0,buttonquaiI,2,the l is an i ,0,SC
2023-01-07 13:59:42+00:00,stay gold,0,0,buttonquaiI,2,the l is an i ,0,SC
2023-01-08 02:57:39+00:00,Now I know why they say to not move anyone in a car crash bc my dumb ass knew I was hurt but I was still kicking th http,0,0,kvrlaxo_,351,my own world ,2,PC
2023-01-08 03:04:29+00:00,http,0,0,kvrlaxo_,351,my own world ,2,PC
2023-01-07 08:45:52+00:00,@user What miserable bitch is bothering you babe? Asking for me ,0,1,kvrlaxo_,351,my own world ,2,PC
2022-12-27 03:33:06+00:00,RT @user may the tears you cried in 2022 water the seeds youre planting in 2023,36364,0,kvrlaxo_,351,my own world ,0,PC
2022-12-27 01:25:00+00:00,A guy got up and left during the movie with his hands in his pockets and all i see is my brother sit up and he goes http,0,6,kvrlaxo_,351,my own world ,1,PC
2022-12-10 07:19:25+00:00,RT @user Im single but Im unavailable and very uninterested,2548,0,kvrlaxo_,351,my own world ,2,PC
2022-12-07 05:16:17+00:00,The barista at Starbucks asked us if we wanted a free drink and my cousin was like why,0,4,kvrlaxo_,351,my own world ,0,PC
2022-11-04 03:08:53+00:00,@user Theyd look good in the trash beb ,0,2,kvrlaxo_,351,my own world ,2,PC
2022-10-29 15:34:50+00:00,RT @user 1 thing bout me.. Im fuckin funny,10837,0,kvrlaxo_,351,my own world ,0,PC
2022-10-25 21:05:35+00:00,RT @user I be running off of 4-5 hours of sleep and STILL be getting active,962,0,kvrlaxo_,351,my own world ,2,PC
2022-10-23 08:32:20+00:00,Idc how cold it gets. My fan stays on,3,20,kvrlaxo_,351,my own world ,1,PC
2022-10-22 21:03:33+00:00,RT @user No matter how deep in a rut you have fallen; its never too late to pull yourself out. You are never too far gone to retur,1227,0,kvrlaxo_,351,my own world ,0,PC
2022-10-14 21:57:42+00:00,RT @user I will not go to a family function if my fave cousin not there ,5080,0,kvrlaxo_,351,my own world ,2,PC
2022-10-11 18:37:05+00:00,Will never pray for anyones downfall even if they arent a good person (:,1,12,kvrlaxo_,351,my own world ,2,PC
2022-10-01 23:08:16+00:00,"RT @user stop asking me ""wyd"" im literally at home reliving the same day every day",223,0,kvrlaxo_,351,my own world ,2,PC
2022-09-30 14:04:36+00:00,RT @user My son gonna be so mad when I name him Starbucks,2038,0,kvrlaxo_,351,my own world ,1,PC
2022-09-24 12:32:35+00:00,RT @user October is next week?? time flies by when your life is falling apart,71907,0,kvrlaxo_,351,my own world ,2,PC
2022-09-23 15:30:36+00:00,The highlight of my day is getting Starbucks tbh,2,9,kvrlaxo_,351,my own world ,0,PC
2022-09-21 13:30:41+00:00,RT @user just saw someone my age being extremely talented. day ruined,73503,0,kvrlaxo_,351,my own world ,2,PC
2022-09-18 02:09:15+00:00,RT @user @user HAPPY BIRTHDAY PRETTY ,1,0,kvrlaxo_,351,my own world ,0,PC
2023-01-08 02:55:27+00:00,"@user I feel like I tried this with ONE person. Whole heartedly. I was very patient, I listened, worked on ch http",1,1,love2dance00,499,Some dance studio near you,0,SI
2023-01-08 02:57:19+00:00,"@user (Contd) Whats to come. Like, you want love, an understanding partner etc. Then you get it and its lik http",0,1,love2dance00,499,Some dance studio near you,0,SI
2023-01-08 02:55:27+00:00,"@user I feel like I tried this with ONE person. Whole heartedly. I was very patient, I listened, worked on ch http",1,1,love2dance00,499,Some dance studio near you,0,SI
2023-01-08 02:43:32+00:00,@user @user I STILL have random moments when Im like OOH let me call my mom real quick. Then I just e http,0,1,love2dance00,499,Some dance studio near you,2,SI
2023-01-08 02:42:11+00:00,"@user @user All of this! 

No one also prepares you for the anxiety. Like for me, my mom passed. However http",0,1,love2dance00,499,Some dance studio near you,1,SI
2023-01-08 02:38:41+00:00,RT @user Ill treat you like i never knew you if it comes to that,57,0,love2dance00,499,Some dance studio near you,1,SI
2023-01-08 02:37:22+00:00,@user Of course. ,0,0,love2dance00,499,Some dance studio near you,0,SI
2023-01-07 21:54:20+00:00,I deserve and want real genuine love.,0,0,love2dance00,499,Some dance studio near you,0,SI
2023-01-07 21:54:11+00:00,Jacquees really snapped on this album. This shit has been on repeat.,0,0,love2dance00,499,Some dance studio near you,1,SI
2023-01-07 21:54:01+00:00,RT @user Aaliyah is not the queen of R&amp;B for nothing http,279,0,love2dance00,499,Some dance studio near you,1,SI
2023-01-07 21:53:39+00:00,RT @user the hook. the chorus. the bridge. the big note. tamar braxton truly created one of the best r&amp;b songs of the 2010s! http,5139,0,love2dance00,499,Some dance studio near you,0,SI
2023-01-07 21:37:17+00:00,"@user Thats an accomplishment right there! It takes what is it, 2 weeks for something to become a habit? YOU GOT THIS!",0,1,love2dance00,499,Some dance studio near you,0,SI
2023-01-07 21:34:41+00:00,Thinkin abt how my grams was caring for this baby one time and he always said he wanted bacon. One day shes like  http,0,0,love2dance00,499,Some dance studio near you,1,SI
2023-01-07 21:30:20+00:00,@user Yea! I think so too. ,0,0,love2dance00,499,Some dance studio near you,0,SI
2023-01-07 21:01:59+00:00,"@user No, for real!!!! Disorderly AF!!! I was stressed! Lmao",0,1,love2dance00,499,Some dance studio near you,2,SI
2023-01-07 21:01:16+00:00,"@user I knowww. I be goin in hibernation a lot of the times. Plus them doubles got me out of it. 
But Im goo http",0,1,love2dance00,499,Some dance studio near you,2,SI
2023-01-07 20:44:48+00:00,@user Im proud of you!,0,1,love2dance00,499,Some dance studio near you,0,SI
2023-01-07 20:44:19+00:00,@user LOOK AT GOD!!,0,0,love2dance00,499,Some dance studio near you,0,SI
2023-01-07 20:43:53+00:00,@user Girl! Felt like years for my ass! But that one in Libra had me ready to end it all . Im thankful for the break,0,1,love2dance00,499,Some dance studio near you,0,SI
2023-01-07 19:58:53+00:00,@user I dont think Taurus is a theme this time and thank the heavens!,0,7,love2dance00,499,Some dance studio near you,0,SI
2023-01-07 03:41:42+00:00,@user This shit gon forever be funny,0,0,love2dance00,499,Some dance studio near you,0,SI
2023-01-08 02:55:10+00:00,@user Idk Im very prone to injuries and Im bad at coordination. I end up not being able to enjoy myself http,0,0,lovelyYmir,2915,The Coordinate,2,PC
2023-01-08 02:55:10+00:00,@user Idk I'm very prone to injuries and I'm bad at coordination. I end up not being able to enjoy myself http,0,0,lovelyYmir,2915,The Coordinate,2,PC
2023-01-08 01:50:45+00:00,RT @user @user @user Damn what's your excuse then ,34,0,lovelyYmir,2915,The Coordinate,2,PC
2023-01-08 01:50:43+00:00,RT @user @user y'all gotta stop using mental health as an excuse for everything,945,0,lovelyYmir,2915,The Coordinate,2,PC
2023-01-08 01:49:48+00:00,RT @user crying http,854,0,lovelyYmir,2915,The Coordinate,1,PC
2023-01-08 01:28:22+00:00,These figurines man ,0,4,lovelyYmir,2915,The Coordinate,0,PC
2023-01-08 01:27:52+00:00,Oh my fucking god... http,0,14,lovelyYmir,2915,The Coordinate,1,PC
2023-01-08 01:12:06+00:00,"@user Idk, the image you see doesn't align with gravity so your mind panics or sth",0,0,lovelyYmir,2915,The Coordinate,2,PC
2023-01-08 01:09:13+00:00,@user Omg I wish! Good fucking job!!,0,1,lovelyYmir,2915,The Coordinate,0,PC
2023-01-08 01:08:27+00:00,"RT @user 
.
#snk # # # 
. http",207,0,lovelyYmir,2915,The Coordinate,0,PC
2023-01-08 00:43:08+00:00,"@user Oh dear god ... More motion sickness for me, how nice",0,0,lovelyYmir,2915,The Coordinate,0,PC
2023-01-08 00:24:12+00:00,@user Yea I mean I haven't even unlocked all of sumeru and inazuma lol so I mean for me there's still way too m http,0,0,lovelyYmir,2915,The Coordinate,0,PC
2023-01-08 00:19:55+00:00,RT @user Attack on Titan really has the best endings. http,103,0,lovelyYmir,2915,The Coordinate,0,PC
2023-01-08 00:11:17+00:00,@user Looks so nice,0,0,lovelyYmir,2915,The Coordinate,0,PC
2023-01-08 00:07:09+00:00,RT @user Why is snapchat showing me my dead grandma http,1945,0,lovelyYmir,2915,The Coordinate,2,PC
2023-01-08 00:04:54+00:00,@user Always has been,0,0,lovelyYmir,2915,The Coordinate,0,PC
2023-01-08 00:00:14+00:00,RT @user The Two Towers (2002) http,318,0,lovelyYmir,2915,The Coordinate,0,PC
2023-01-07 23:59:05+00:00,"RT @user # # #  # 

hide them under the shadow of thy wings http",46,0,lovelyYmir,2915,The Coordinate,0,PC
2023-01-07 23:59:00+00:00,RT @user  http,210,0,lovelyYmir,2915,The Coordinate,0,PC
2023-01-07 23:58:18+00:00,RT @user  http,39,0,lovelyYmir,2915,The Coordinate,0,PC
2023-01-07 23:57:50+00:00,RT @user http,291,0,lovelyYmir,2915,The Coordinate,0,PC
2023-01-08 02:43:14+00:00,"@user Yes absolutely. but only if theres a sufficient amount of books, and am I allowed to bring a sketchboo http",0,0,JillvsLangs,569,"Vienna, Austria",0,SI
2023-01-08 02:43:14+00:00,"@user Yes absolutely. but only if theres a sufficient amount of books, and am I allowed to bring a sketchboo http",0,0,JillvsLangs,569,"Vienna, Austria",0,SI
2023-01-08 02:40:13+00:00,@user Mischievous - I also misspell it every time and would be screwed w/o autocorrect.,0,0,JillvsLangs,569,"Vienna, Austria",2,SI
2023-01-08 02:37:54+00:00,@user @user http,0,0,JillvsLangs,569,"Vienna, Austria",0,SI
2023-01-08 02:37:34+00:00,@user @user http,0,0,JillvsLangs,569,"Vienna, Austria",0,SI
2023-01-08 02:34:43+00:00,@user ~    unhealthy             ? ,0,0,JillvsLangs,569,"Vienna, Austria",0,SI
2023-01-08 02:25:59+00:00,B?  A2 B ?   . http,0,0,JillvsLangs,569,"Vienna, Austria",0,SI
2023-01-08 02:18:51+00:00,@user Thanks! Ill look into it ,0,0,JillvsLangs,569,"Vienna, Austria",0,SI
2023-01-07 19:55:16+00:00,@user By which I mean to say I shall steal the idea  thanks!,0,1,JillvsLangs,569,"Vienna, Austria",0,SI
2023-01-07 19:54:46+00:00,@user Ahhh makes sense. I also use Toggl but I wish I could have an extra layer of graphs like this - like a http,0,0,JillvsLangs,569,"Vienna, Austria",0,SI
2023-01-07 19:53:33+00:00,@user @user Hahaha thanks! ,0,1,JillvsLangs,569,"Vienna, Austria",0,SI
2023-01-07 19:52:05+00:00,@user Ohhh what do you track with? ,0,0,JillvsLangs,569,"Vienna, Austria",2,SI
2023-01-07 19:49:40+00:00,             . ,0,3,JillvsLangs,569,"Vienna, Austria",0,SI
2023-01-07 19:41:59+00:00,@user But I honestly dont mind too too much. English is so much part of who I am now it doesnt rrrrreeall http,0,0,JillvsLangs,569,"Vienna, Austria",0,SI
2023-01-07 19:41:06+00:00,@user Yes. Even some of my childhood memories have been corrupted by English  most notably a lot of the http,0,1,JillvsLangs,569,"Vienna, Austria",2,SI
2023-01-07 19:37:29+00:00,@user Noice ,0,1,JillvsLangs,569,"Vienna, Austria",2,SI
2023-01-07 19:36:20+00:00,@user @user  make sure to record and track your progress! And then send everything to Refold Hah http,0,1,JillvsLangs,569,"Vienna, Austria",0,SI
2023-01-07 16:44:15+00:00,"@user Again. There is no universal truth to language learning questions. There never is. Ever.  
Anyone wh http",0,0,JillvsLangs,569,"Vienna, Austria",2,SI
2023-01-07 16:41:56+00:00,@user If person 1 forces themselves to immerse but never looks up anything and has no fun whatsoever during http,0,0,JillvsLangs,569,"Vienna, Austria",2,SI
2023-01-07 16:40:47+00:00,"@user The answer to this depends on a whole bunch of extra factors  

If person 1 uses the wrong kind of i http",0,5,JillvsLangs,569,"Vienna, Austria",2,SI
2023-01-07 16:27:56+00:00,@user ,0,0,JillvsLangs,569,"Vienna, Austria",0,SI
2023-01-08 02:40:35+00:00,@user I just saw this myself. But the tl is full of people hurt by the space. Im trying to get http,0,3,bardlover6,507,Alabama,2,SI
2023-01-08 03:02:05+00:00,"RT @user stream # by # on spotify !
https://t.co/GaTLNWr2w3",1,0,bardlover6,507,Alabama,0,SI
2023-01-08 03:00:11+00:00,Hello @user and @user can we please hear # by # tonight for http,0,0,bardlover6,507,Alabama,0,SI
2023-01-08 02:55:41+00:00,@user Just what Ive seen was bad bad bad. So yeah tons of drama,0,1,bardlover6,507,Alabama,2,SI
2023-01-08 02:54:44+00:00,@user Someone find this for smau era asap,0,1,bardlover6,507,Alabama,1,SI
2023-01-08 02:52:58+00:00,@user like this,0,0,bardlover6,507,Alabama,0,SI
2023-01-08 02:51:28+00:00,"@user Im sorry to any of you that were attacked, belittled, triggered, and unheard ",0,0,bardlover6,507,Alabama,2,SI
2023-01-08 02:42:51+00:00,@user I had one of these when I was first legal and was shocked and drunk,0,0,bardlover6,507,Alabama,0,SI
2023-01-08 02:41:46+00:00,US Southerners with Free Bird http,0,1,bardlover6,507,Alabama,0,SI
2023-01-08 02:40:35+00:00,@user I just saw this myself. But the tl is full of people hurt by the space. Im trying to get http,0,3,bardlover6,507,Alabama,2,SI
2023-01-08 02:39:34+00:00,@user You need that format?,0,0,bardlover6,507,Alabama,2,SI
2023-01-08 02:36:37+00:00,@user Tl cleanse is to do most request live Silver Tongues. I wasnt on the space but looks like it was heavy and hurtful,0,2,bardlover6,507,Alabama,2,SI
2023-01-08 02:35:43+00:00,@user @user ,0,1,bardlover6,507,Alabama,0,SI
2023-01-08 02:35:17+00:00,@user  your lyrics? http,0,1,bardlover6,507,Alabama,2,SI
2023-01-08 02:34:31+00:00,@user Just Dm it to me lol,0,1,bardlover6,507,Alabama,0,SI
2023-01-08 02:25:07+00:00,@user @user pass it on. I think after that space tl needs a good positive cleanse,0,0,bardlover6,507,Alabama,0,SI
2023-01-08 02:24:06+00:00,@user No Facebook ones are cringe enough,0,0,bardlover6,507,Alabama,2,SI
2023-01-08 01:53:10+00:00,@user and @user Can you please play # by # tonight on @user http,0,1,bardlover6,507,Alabama,0,SI
2023-01-08 01:51:12+00:00,@user @user,0,0,bardlover6,507,Alabama,0,SI
2023-01-08 01:46:39+00:00,@user Lets all request silver tongues from most request live to tl cleanse!,0,1,bardlover6,507,Alabama,0,SI
2023-01-08 01:43:04+00:00,@user Post about # everyone instead and tl cleanse!,0,0,bardlover6,507,Alabama,0,SI
2023-01-08 02:24:25+00:00,and i threw it all away / just to hurt myself again,0,0,somewherenow_,6,posts every 10 min,2,SC
2023-01-08 03:24:32+00:00,In my grave i'll rot,0,0,somewherenow_,6,posts every 10 min,2,SC
2023-01-08 03:05:06+00:00,kids are so unkind to kids of different kinds...,0,0,somewherenow_,6,posts every 10 min,2,SC
2023-01-08 02:54:23+00:00,i dont appreciate your fake smiles / i wont laugh at your stupid jokes,0,0,somewherenow_,6,posts every 10 min,2,SC
2023-01-08 02:44:28+00:00,"You're like a dark cloud / that follows me around, like a virus with no cure",0,0,somewherenow_,6,posts every 10 min,2,SC
2023-01-08 02:34:10+00:00,And the truth is- I need you. Without you I am nothing.,0,0,somewherenow_,6,posts every 10 min,1,SC
2023-01-08 02:24:25+00:00,and i threw it all away / just to hurt myself again,0,0,somewherenow_,6,posts every 10 min,2,SC
2023-01-08 02:04:35+00:00,And for the last night i lie / could i lie with you?,0,0,somewherenow_,6,posts every 10 min,2,SC
2023-01-08 01:54:28+00:00,BIT BY BIT I STRIP YOUR WORLD APART.,0,0,somewherenow_,6,posts every 10 min,1,SC
2023-01-08 01:44:47+00:00,"I know that i'm gonna be fine / oh god, am i gonna be fine??",0,0,somewherenow_,6,posts every 10 min,1,SC
2023-01-08 01:34:56+00:00,Just one word: dehumanization.,0,0,somewherenow_,6,posts every 10 min,2,SC
2023-01-08 01:24:21+00:00,trust me!,0,0,somewherenow_,6,posts every 10 min,0,SC
2023-01-08 01:14:46+00:00,Welcome to the lonesome world of abel / where every brother's knife is set to slay you.,0,0,somewherenow_,6,posts every 10 min,1,SC
2023-01-08 01:04:25+00:00,its a sin that i threw it all away.,0,0,somewherenow_,6,posts every 10 min,2,SC
2023-01-08 00:34:09+00:00,Is this the end or the new beginning?,0,0,somewherenow_,6,posts every 10 min,1,SC
2023-01-08 00:24:00+00:00,all i ever wanted / all i ever needed / is here in my arms,0,0,somewherenow_,6,posts every 10 min,1,SC
2023-01-08 00:04:12+00:00,shut up shut up shut up shut up shut up shut up SHUT UP!!!,0,0,somewherenow_,6,posts every 10 min,2,SC
2023-01-07 23:14:23+00:00,"ill try to stay out of your way, and admire you from across the room / cause i love to stare at your face",0,0,somewherenow_,6,posts every 10 min,0,SC
2023-01-07 23:04:16+00:00,EVERY OTHER FACE IS BENT AND BROKEN,0,0,somewherenow_,6,posts every 10 min,2,SC
2023-01-07 22:53:54+00:00,Do you know that bad girls go to hell?,0,0,somewherenow_,6,posts every 10 min,2,SC
2023-01-07 22:43:56+00:00,FIGHT FIRE WITH FIRE!,0,0,somewherenow_,6,posts every 10 min,1,SC
2023-01-08 02:06:28+00:00,"I might get hurt if you rub my nasty behavior on my face more painfully than I do to myself. 

Hmmm ok fazla alter http",0,0,bensrknyldz,22,"Antalya, Trkiye",2,SI
2023-01-08 01:49:25+00:00,"Maybe I'll get hurt if you rub my disgusting behavior in my face more painfully than I've expressed to myself. 

Sa http",0,0,bensrknyldz,22,"Antalya, Trkiye",2,SI
2023-01-08 01:47:07+00:00,"""renliimi, kendime ifade ettiimden daha ac bir ekilde suratma arparsan belki incinebilirim."" Bu aralar ng http",0,0,bensrknyldz,22,"Antalya, Trkiye",0,SI
2023-01-08 00:30:42+00:00,@user Abi bence denklemi dorulayacak rnekler bunlar. Nihayetinde aptal puma sendromu olarak literatrde http,0,0,bensrknyldz,22,"Antalya, Trkiye",0,SI
2023-01-08 00:15:47+00:00,Bazen hayatn var oluuna inanamyorum. Life... What a concept ama,0,0,bensrknyldz,22,"Antalya, Trkiye",0,SI
2023-01-07 20:46:51+00:00,O nasl bir asistti beeee,0,0,bensrknyldz,22,"Antalya, Trkiye",0,SI
2023-01-07 17:40:39+00:00,2 2 A http,0,0,bensrknyldz,22,"Antalya, Trkiye",0,SI
2023-01-07 14:17:37+00:00,@user Gemi olsun abi bol limonlu tuzlu maydanozlu s salata ile yanna orba i rahatlatr,0,0,bensrknyldz,22,"Antalya, Trkiye",0,SI
2023-01-07 02:30:16+00:00,Benim kbuslar http,0,1,bensrknyldz,22,"Antalya, Trkiye",0,SI
2023-01-06 15:01:51+00:00,@user Abi altna affiliate linki braksa salam taktik yapm derdim de ordan da eksi puan yapm.,0,1,bensrknyldz,22,"Antalya, Trkiye",0,SI
2023-01-06 13:31:23+00:00,@user Bizim yrkler de am yapra ayn ierdi,0,1,bensrknyldz,22,"Antalya, Trkiye",0,SI
2023-01-06 01:44:50+00:00,text-align: center verip height deeri girince yaz ortalanmyor ama height yerine line-height verince alyor. B http,0,0,bensrknyldz,22,"Antalya, Trkiye",0,SI
2023-01-05 22:14:20+00:00,Olmaz bence ama sen bilirsin yani http,0,0,bensrknyldz,22,"Antalya, Trkiye",0,SI
2023-01-05 20:31:15+00:00,City utanmasa Mehmet Topal' stoperde oynatacak. Yani hoca sol bekin sa akta ne ii var allasen ya,0,0,bensrknyldz,22,"Antalya, Trkiye",0,SI
2023-01-05 18:54:35+00:00,@user rnak :),0,1,bensrknyldz,22,"Antalya, Trkiye",0,SI
2023-01-05 18:05:26+00:00,Bunlar genken baya yakklydlar niye byle tipleri kayd bunlarn http,0,0,bensrknyldz,22,"Antalya, Trkiye",0,SI
2023-01-05 16:55:56+00:00,En son fnl laik teyzelere benzer laflar sylediinizde arplmtnz. Suri oylaryla patlama yapm bir MHP oyu http,0,0,bensrknyldz,22,"Antalya, Trkiye",0,SI
2023-01-05 16:49:17+00:00,@user Baz eyleri kafadan yazmak iin ok pratik gerekli cidden. Ben ayn kodu bakmadan yazana kadar 50 k http,1,7,bensrknyldz,22,"Antalya, Trkiye",0,SI
2023-01-05 16:32:11+00:00,@user Bizde kyller satyordu ama onlar grnce imediim iin kretmitim,0,0,bensrknyldz,22,"Antalya, Trkiye",0,SI
2023-01-05 16:17:59+00:00,"RT @user Trklk eletirisi yapmak konforluydu, onlarca yl da alk ald. Aynsn blgedeki dier ulusuluklara sylemezler. A",57,0,bensrknyldz,22,"Antalya, Trkiye",0,SI
2023-01-08 02:05:49+00:00,I need to start doing myself more favours like ; not looking for things I know will hurt me,0,0,glam_clamxo,1284,"London, England",0,PC
2023-01-08 02:11:25+00:00,I just really want a baby,0,0,glam_clamxo,1284,"London, England",1,PC
2023-01-08 02:11:03+00:00,Whys everyone having babies and Im now at a point where I will have to wait longer for babies,0,0,glam_clamxo,1284,"London, England",2,PC
2023-01-08 02:05:49+00:00,I need to start doing myself more favours like ; not looking for things I know will hurt me,0,0,glam_clamxo,1284,"London, England",0,PC
2023-01-08 01:37:45+00:00,Someone's checking out my hot pics in my Private Gallery now! # http http,0,0,glam_clamxo,1284,"London, England",0,PC
2023-01-08 00:24:46+00:00,Lol funny game ,0,0,glam_clamxo,1284,"London, England",0,PC
2023-01-06 17:08:20+00:00,Someone just left me positive feedback for our DirectCam session at #  Like reading reviews before yo http,0,0,glam_clamxo,1284,"London, England",0,PC
2023-01-06 16:07:31+00:00,Just had a quickie on DirectCam &amp; I'm ready for you now! http,0,0,glam_clamxo,1284,"London, England",0,PC
2023-01-06 15:29:26+00:00,Frantic session on cam at # catch me now! http,0,0,glam_clamxo,1284,"London, England",0,PC
2023-01-06 15:18:16+00:00,Another customer satisfied quickly on cam at # I'm available for you now! http,0,0,glam_clamxo,1284,"London, England",0,PC
2023-01-06 14:41:37+00:00,Fancy a virtual quickie?  Im on cam and ready for you now at #  http,0,0,glam_clamxo,1284,"London, England",0,PC
2023-01-06 02:18:56+00:00,Frantic session on cam at # catch me now! http,0,0,glam_clamxo,1284,"London, England",0,PC
2023-01-06 02:12:50+00:00,Just had a quickie on DirectCam &amp; I'm ready for you now! http,0,0,glam_clamxo,1284,"London, England",0,PC
2023-01-06 01:59:54+00:00,RT @user Aliens vs butthole http,914,0,glam_clamxo,1284,"London, England",1,PC
2023-01-06 01:59:19+00:00,I want a whole new bed and nice bedding,0,1,glam_clamxo,1284,"London, England",0,PC
2023-01-06 01:55:52+00:00,@user Its just the way the world works babe,0,0,glam_clamxo,1284,"London, England",0,PC
2023-01-06 01:45:08+00:00,Want to see what I'm not wearing? I'm on cam and ready for you now at # http,0,0,glam_clamxo,1284,"London, England",0,PC
2023-01-05 02:58:35+00:00,Im actually so done with - but also wanna get my lips done http,0,3,glam_clamxo,1284,"London, England",1,PC
2023-01-05 02:57:52+00:00,What do I even do with my@life lol,0,0,glam_clamxo,1284,"London, England",2,PC
2023-01-04 15:58:28+00:00,RT @user remember to pirate hogwarts legacy so this continues to happen,14078,0,glam_clamxo,1284,"London, England",2,PC
2023-01-04 15:57:40+00:00,If you dont like halloumi I simply cannot fuck with you,0,0,glam_clamxo,1284,"London, England",1,PC
2023-01-08 02:04:42+00:00,we got in a fight because I made your HANDS sticky and then you yelled at me to shut up in public and my feelings a http,0,0,PLANTlCIDE,267,C | 22 |  |   |  |  :   ,2,SI
2023-01-08 03:26:14+00:00,"( a shake of the head. ) 

no , i don't . . eat or drink . thanks though . 

( exhaling , following slowly. ) http",0,0,PLANTlCIDE,267,C | 22 |  |   |  |  :   ,0,SI
2023-01-08 03:25:27+00:00,". . i'd hope not . 

i'm sorry that i embarrassed you in public. i won't do it again . http",0,0,PLANTlCIDE,267,C | 22 |  |   |  |  :   ,2,SI
2023-01-08 03:20:54+00:00,"( Sighing , following after them . Arm and Vine uncomfortably wrapped around his chest .  ) 

Im sorry kid . I jus http",0,0,PLANTlCIDE,267,C | 22 |  |   |  |  :   ,1,SI
2023-01-08 03:16:33+00:00,just said men aint shit,0,0,PLANTlCIDE,267,C | 22 |  |   |  |  :   ,2,SI
2023-01-08 03:16:32+00:00,endeavor telling me to leave my bf rn,0,0,PLANTlCIDE,267,C | 22 |  |   |  |  :   ,2,SI
2023-01-08 03:05:01+00:00,. . . . . Just because you get embarrassed or mad  . . doesnt mean you can make ME feel bad about myself . http,0,0,PLANTlCIDE,267,C | 22 |  |   |  |  :   ,2,SI
2023-01-08 03:03:24+00:00,"( Frowning behind the mask . Vine nervously pulling back and wrapping around his waist , trying to keep out of her http",0,0,PLANTlCIDE,267,C | 22 |  |   |  |  :   ,1,SI
2023-01-08 03:01:38+00:00,. . Yes.,0,0,PLANTlCIDE,267,C | 22 |  |   |  |  :   ,0,SI
2023-01-08 03:01:37+00:00,. . . No . http,0,0,PLANTlCIDE,267,C | 22 |  |   |  |  :   ,2,SI
2023-01-08 02:55:10+00:00,ENDEAVOR JUST USED MY WHOLE LEGAL NAME AND IVE NEVER FELT MORE AFRAID I HAVENT HEARD THAT IN  YEARS,0,2,PLANTlCIDE,267,C | 22 |  |   |  |  :   ,2,SI
2023-01-08 02:54:28+00:00,". . Fine . 

( A quiet sniffle , wiping his sleeve against their face . Finally turning back to face him and frowni http",0,0,PLANTlCIDE,267,C | 22 |  |   |  |  :   ,0,SI
2023-01-08 02:49:13+00:00,RT @user flirt with the enemy ,11,0,PLANTlCIDE,267,C | 22 |  |   |  |  :   ,2,SI
2023-01-08 02:49:05+00:00,"It WAS lighthearted at first , but then I joked that you WANTED that and your response was to YELL at me . 

Y E L http",0,0,PLANTlCIDE,267,C | 22 |  |   |  |  :   ,0,SI
2023-01-08 02:40:57+00:00,Im only getting McDonalds because my boyfriend yelled at me http,0,0,PLANTlCIDE,267,C | 22 |  |   |  |  :   ,2,SI
2023-01-08 02:40:45+00:00,"( Staring down at her , carefully pulling away. ) 

. . Hey girlie . Why dont you head home to Oboro ? http",0,0,PLANTlCIDE,267,C | 22 |  |   |  |  :   ,0,SI
2023-01-08 02:40:17+00:00,". . . Just go home to Oboro . 

I feel like shit for something I cant control . I feel like you dont like me for http",0,0,PLANTlCIDE,267,C | 22 |  |   |  |  :   ,2,SI
2023-01-08 02:39:08+00:00,"( staring . quickly pulling up his mask and turning away . ) 

No . Dont touch me right now . http",0,0,PLANTlCIDE,267,C | 22 |  |   |  |  :   ,2,SI
2023-01-08 02:27:54+00:00,@user I WANT APPLE JUICE !!!,0,0,PLANTlCIDE,267,C | 22 |  |   |  |  :   ,1,SI
2023-01-08 02:27:46+00:00,Wait I wanted apple juice,0,0,PLANTlCIDE,267,C | 22 |  |   |  |  :   ,1,SI
2023-01-08 02:27:31+00:00,hes getting me McDonalds http,0,1,PLANTlCIDE,267,C | 22 |  |   |  |  :   ,0,SI
2023-01-08 02:04:03+00:00,@user Yes. I had some scratching self harm during my teens years and sometimes scratch or hit myself or http,0,0,audiepixie,87,"she/her, Australia",2,SI
2023-01-08 02:27:11+00:00,"@user This kind of keeps with my theory too - affinity to animals and nature, opposition to accepted societal rules, sings a lot ",0,1,audiepixie,87,"she/her, Australia",0,SI
2023-01-08 02:19:53+00:00,"Theres a private hot take theory I want to debut. 

If Mulan or Little Mermaid was your favorite Disney movie, you http",0,0,audiepixie,87,"she/her, Australia",0,SI
2023-01-08 02:10:24+00:00,"@user  like the actually showering but can be nice (I love swishing side to side in the water, and it soun http",0,1,audiepixie,87,"she/her, Australia",0,SI
2023-01-08 02:07:00+00:00,@user  right in my heart!,0,0,audiepixie,87,"she/her, Australia",0,SI
2023-01-08 02:04:58+00:00,@user CHIPPIES OR POPCORN,0,0,audiepixie,87,"she/her, Australia",0,SI
2023-01-08 02:04:03+00:00,@user Yes. I had some scratching self harm during my teens years and sometimes scratch or hit myself or http,0,0,audiepixie,87,"she/her, Australia",2,SI
2023-01-08 01:43:28+00:00,@user I do not understand how we can simultaneously be stereotyped as unempathetic AND intolerant of injustice ,1,1,audiepixie,87,"she/her, Australia",2,SI
2023-01-08 01:36:15+00:00,THE LITTLE BABY ONE TOO  http,0,0,audiepixie,87,"she/her, Australia",0,SI
2023-01-08 01:33:18+00:00,"@user I was going to say their favorite mug BUT if someone did that to me, it would not be a mild inconvenience but END OF THE WORLD",0,1,audiepixie,87,"she/her, Australia",2,SI
2023-01-08 01:30:49+00:00,@user The whole meow thing is so hilarious to me because when I was in college me and 2 of my friends used http,1,3,audiepixie,87,"she/her, Australia",0,SI
2023-01-07 12:30:03+00:00,@user I AM SEEN,0,0,audiepixie,87,"she/her, Australia",0,SI
2023-01-07 12:28:13+00:00,RT @user Reading about ADHD and justice sensitivity - that people with ADHD are often have a higher sensitivity for unfairness (hate di,629,0,audiepixie,87,"she/her, Australia",2,SI
2023-01-07 09:42:04+00:00,@user @user This is EXACTLY what I do. Also had a couple of meltdowns in there before I even knew thats what they were.,0,2,audiepixie,87,"she/her, Australia",2,SI
2023-01-07 04:55:27+00:00,@user @user @user Is making food for people a love language? Because it should be.,0,4,audiepixie,87,"she/her, Australia",0,SI
2023-01-07 04:54:20+00:00,RT @user # # http,59,0,audiepixie,87,"she/her, Australia",0,SI
2023-01-07 04:24:25+00:00,RT @user have any other late-diagnosed or late-identified autistic humans had these experiences? # # #,2,0,audiepixie,87,"she/her, Australia",1,SI
2023-01-07 03:42:15+00:00,@user Okay not the same *connotation* but we have a few different hilariously named dollar stores in Aus http,0,0,audiepixie,87,"she/her, Australia",0,SI
2023-01-07 03:37:43+00:00,@user So hard to keep track!!! I count about 5 then forget Im meant to be counting ,0,1,audiepixie,87,"she/her, Australia",2,SI
2023-01-07 03:36:01+00:00,"@user @user Once Im in the groove, I feel like the music is moving me, rather than me moving to the music. BEST FEELING.",0,2,audiepixie,87,"she/her, Australia",0,SI
2023-01-07 03:35:01+00:00,Not a toe walker but I was very into skipping rather than walking. Any other # people relate? http,0,2,audiepixie,87,"she/her, Australia",1,SI
2023-01-08 02:02:14+00:00,Cause Im tired of people doing shit to me based on their insecurities. Yall be sick as fuck and I dont ask for s http,0,0,TheOneShan,23,Georgia,1,SC
2023-01-08 02:07:53+00:00,"But for those of you I met through these apps, I do appreciate your existence and Im glad I met yall. :,-)",0,0,TheOneShan,23,Georgia,0,SC
2023-01-08 02:06:45+00:00,My head hurts sooooo ima just hop off the media and try taking this SIM card out or go out driving idk,0,0,TheOneShan,23,Georgia,2,SC
2023-01-08 02:04:43+00:00,My dads the bravest man I ever met and even he has expressed that he fears who I become when Im upset/angry. I do http,0,1,TheOneShan,23,Georgia,1,SC
2023-01-08 02:02:14+00:00,Cause Im tired of people doing shit to me based on their insecurities. Yall be sick as fuck and I dont ask for s http,0,0,TheOneShan,23,Georgia,1,SC
2023-01-08 02:00:02+00:00,I just hope I actually heal fr. Like please leave me alone if you dont want whats best for me platonically or eve http,0,0,TheOneShan,23,Georgia,2,SC
2023-01-08 02:00:02+00:00,Idk I just like seeing peoples reactions during those experiences because it makes me feel the control I didnt ha http,0,0,TheOneShan,23,Georgia,0,SC
2023-01-08 02:00:01+00:00,"Even up to sexual shit, I cant feel anything from it anymore. Last year I was hypersexual [mostly just through hea http",0,0,TheOneShan,23,Georgia,2,SC
2023-01-08 02:00:01+00:00,"Im basically animated, and people think I be joking, but Im so serious. I havent felt shit since 18. I just use http",0,0,TheOneShan,23,Georgia,0,SC
2023-01-08 01:51:13+00:00,"Hence why I truly just want to be left alone, like really. Theres a reason why Im so closed in. The second you ma http",0,0,TheOneShan,23,Georgia,2,SC
2023-01-08 01:51:12+00:00,"Ive used social media to manipulate people for years. Anything that I want a specific person to see, I post it and http",0,0,TheOneShan,23,Georgia,2,SC
2023-01-08 01:35:45+00:00,"Cleanse yourself of your impurities, so you can attract purified people, experiences, and things. Release everythin http",0,1,TheOneShan,23,Georgia,0,SC
2023-01-08 01:08:07+00:00,RT @user don't apologize to me if you can't change what you are sorry for,8028,0,TheOneShan,23,Georgia,2,SC
2023-01-08 00:54:50+00:00,@user Trying my hardest to grow and thrive out here tbh,0,1,TheOneShan,23,Georgia,0,SC
2023-01-08 00:54:01+00:00,I hope my kids have my teeth fr,0,0,TheOneShan,23,Georgia,0,SC
2023-01-08 00:53:20+00:00,Im so pretty tho Ill tell you that much,0,0,TheOneShan,23,Georgia,0,SC
2023-01-08 00:52:07+00:00,I still dont get how this was considered a thirst trap http,0,0,TheOneShan,23,Georgia,2,SC
2023-01-08 00:36:15+00:00,"If you dont like something in your life, do what you must to fix it and move on. If you dont like something in yo http",0,0,TheOneShan,23,Georgia,1,SC
2023-01-08 00:33:38+00:00,RT @user Being a lover girl &amp; being able to detach easily is such a experience ,6907,0,TheOneShan,23,Georgia,0,SC
2023-01-08 00:32:39+00:00,RT @user the universe is very vast you have to be very specific unless youll invite entities into your life its not cutesy fun and,35,0,TheOneShan,23,Georgia,2,SC
2023-01-08 00:19:21+00:00,On my SOULLLLLLLLLLLLLL http,0,0,TheOneShan,23,Georgia,1,SC
2023-01-08 02:01:28+00:00,@user @user Its exhausting &amp; triggering. Constantly defending myself against crazy making. And m http,0,1,vadergrrrl,1111,"Dueling Banjos, WV",2,SC
2023-01-08 03:20:07+00:00,@user Wham!,0,0,vadergrrrl,1111,"Dueling Banjos, WV",0,SC
2023-01-08 03:11:43+00:00,@user Night Flight.,0,0,vadergrrrl,1111,"Dueling Banjos, WV",0,SC
2023-01-08 03:11:26+00:00,@user Dallas. Though that was Friday. Love Boat and Fantasy Island Saturday.,0,0,vadergrrrl,1111,"Dueling Banjos, WV",0,SC
2023-01-08 03:09:34+00:00,@user Genius,0,0,vadergrrrl,1111,"Dueling Banjos, WV",0,SC
2023-01-08 02:32:36+00:00,@user Yes.  This also explains why Im a terrible speller. My mind fixed the mistakes.,0,0,vadergrrrl,1111,"Dueling Banjos, WV",2,SC
2023-01-08 02:16:25+00:00,@user I think he might be nuerodivergent.  Finger stimming,0,1,vadergrrrl,1111,"Dueling Banjos, WV",2,SC
2023-01-08 02:14:46+00:00,@user I cant stand Santos but I do question his intent here. Only because I do that with my fingers. Its fro http,0,0,vadergrrrl,1111,"Dueling Banjos, WV",2,SC
2023-01-08 02:01:28+00:00,@user @user Its exhausting &amp; triggering. Constantly defending myself against crazy making. And m http,0,1,vadergrrrl,1111,"Dueling Banjos, WV",2,SC
2023-01-08 01:43:42+00:00,RT @user Putting love into the world comes back 3xs as much thankful for everyone who has reached out and prayed. This will make,89323,0,vadergrrrl,1111,"Dueling Banjos, WV",0,SC
2023-01-08 01:42:10+00:00,@user @user Reservoir Dogs,0,1,vadergrrrl,1111,"Dueling Banjos, WV",0,SC
2023-01-08 01:40:30+00:00,@user @user My mind couldnt stay with it. I tried.,0,2,vadergrrrl,1111,"Dueling Banjos, WV",2,SC
2023-01-08 01:29:21+00:00,@user Teddi stop acting like the YT fragile version of Todrick Hall. You were dead wrong to betray&amp; atta http,0,1,vadergrrrl,1111,"Dueling Banjos, WV",2,SC
2023-01-08 01:21:10+00:00,@user @user I dont believe dna evidence nor a witness ID is circumstantial.  Same with vehicle tracing.,0,0,vadergrrrl,1111,"Dueling Banjos, WV",2,SC
2023-01-08 00:58:21+00:00,@user I was so in love with Michael Jackson when this video came out. I remember screaming if they played it on http,0,0,vadergrrrl,1111,"Dueling Banjos, WV",0,SC
2023-01-07 22:49:37+00:00,@user Voyager.  One of the best.,0,2,vadergrrrl,1111,"Dueling Banjos, WV",0,SC
2023-01-07 22:28:09+00:00,@user Dark Money.,0,0,vadergrrrl,1111,"Dueling Banjos, WV",2,SC
2023-01-07 22:26:14+00:00,@user Phil Collins.  My God he is amazing,0,1,vadergrrrl,1111,"Dueling Banjos, WV",0,SC
2023-01-07 22:25:46+00:00,RT @user http,303,0,vadergrrrl,1111,"Dueling Banjos, WV",0,SC
2023-01-07 21:28:37+00:00,Ms. Vampira wants more food. Even though she has fresh wet food behind her. She also wants me to stop watching http,0,2,vadergrrrl,1111,"Dueling Banjos, WV",0,SC
2023-01-07 21:20:00+00:00,@user @user Honestly I am really struggling. My parents died &amp; there is an escalation of toxicity ov http,0,1,vadergrrrl,1111,"Dueling Banjos, WV",2,SC
2023-01-08 01:58:28+00:00,IT WENT WELL the needle WOULD NOT FUCKING GO THROUGH ive pierced myself like 20? times and it was the hardest one y http,0,2,stinkydazai_,482,any prns !! 16 !! entp sp478,2,PC
2023-01-08 02:57:52+00:00,goodnight moots i love you,0,3,stinkydazai_,482,any prns !! 16 !! entp sp478,0,PC
2023-01-08 01:58:28+00:00,IT WENT WELL the needle WOULD NOT FUCKING GO THROUGH ive pierced myself like 20? times and it was the hardest one y http,0,2,stinkydazai_,482,any prns !! 16 !! entp sp478,2,PC
2023-01-08 01:57:20+00:00,I JUST PIERCED MY NIPPLE LMAO,0,1,stinkydazai_,482,any prns !! 16 !! entp sp478,0,PC
2023-01-07 20:20:58+00:00,BTW. GUYS IF U HAVE ANY PLEASE SHARE UNDER THIS POST,0,2,stinkydazai_,482,any prns !! 16 !! entp sp478,0,PC
2023-01-07 20:20:16+00:00,and this isnt just 1 out of a lot??? HALF of the fucking things i see under shtwt rn are just suicides and murders http,0,3,stinkydazai_,482,any prns !! 16 !! entp sp478,2,PC
2023-01-07 20:19:08+00:00,stop fucking posting death vids under shtwt leave that shit to goretwt i wanna see cuts not people getting murdered,0,5,stinkydazai_,482,any prns !! 16 !! entp sp478,2,PC
2023-01-07 15:50:49+00:00,the feminine urge to drop everything ans fly all the way to nottingham ans live wiyh my sister,0,3,stinkydazai_,482,any prns !! 16 !! entp sp478,0,PC
2023-01-07 15:28:07+00:00,i swear nothing makes me feel not alone BUT art with dazai where he has sh scars. but not the ones that the scars i http,7,44,stinkydazai_,482,any prns !! 16 !! entp sp478,1,PC
2023-01-07 13:55:29+00:00,@user I WILL BE CAREFUL i pierce myself all thr time so lets hope general knowledge and experience will be e http,0,1,stinkydazai_,482,any prns !! 16 !! entp sp478,0,PC
2023-01-07 03:41:39+00:00,also i did my 2nd tattoo a lil too superficial and it all came off with the scab ill redo it,0,3,stinkydazai_,482,any prns !! 16 !! entp sp478,2,PC
2023-01-07 03:41:04+00:00,im gettinf my nostril done in 3 days then ill do skme ear piercings and then when my jewelry comes i sm piercing my http,0,3,stinkydazai_,482,any prns !! 16 !! entp sp478,0,PC
2023-01-07 03:40:06+00:00,too late to answer i ordered the jewelry i am doing it http,0,3,stinkydazai_,482,any prns !! 16 !! entp sp478,2,PC
2023-01-07 03:39:20+00:00,@user STOPPPP,0,1,stinkydazai_,482,any prns !! 16 !! entp sp478,2,PC
2023-01-07 01:18:19+00:00,@user 48kg,0,1,stinkydazai_,482,any prns !! 16 !! entp sp478,0,PC
2023-01-07 01:17:42+00:00,IW ANNA CUT BUT I DONT FEEL LIKE BEING IN PAIN BUT HOW DO I COPE WITHOUT THIS,0,4,stinkydazai_,482,any prns !! 16 !! entp sp478,2,PC
2023-01-07 01:15:37+00:00,@user ALSO TEACH ME RUSSIAN IM SO BAD AT IT AND I AHVE BEEN LEARNING FOR 3YRS NOW,0,1,stinkydazai_,482,any prns !! 16 !! entp sp478,2,PC
2023-01-07 01:14:33+00:00,@user  OR MYAU 100%,0,1,stinkydazai_,482,any prns !! 16 !! entp sp478,1,PC
2023-01-06 17:42:34+00:00,@user i 100% can but i am TERRIFIED,0,1,stinkydazai_,482,any prns !! 16 !! entp sp478,2,PC
2023-01-06 14:29:37+00:00,@user i live in poland so its probably not here but ill look for some with that ingredient!! thanku,0,0,stinkydazai_,482,any prns !! 16 !! entp sp478,0,PC
2023-01-06 13:19:12+00:00,how bad of an idea is it to pierce my nips at 16 while also being flat,0,4,stinkydazai_,482,any prns !! 16 !! entp sp478,2,PC
2023-01-08 01:53:00+00:00,"Theres so many things I want to say and get off my chest, but I dont want to hurt anybody and I dont trust anyon http",0,4,raymoo_hackery,523,"she/her, 18, autistic, ",2,SC
2023-01-08 02:21:30+00:00,@user I greatly appreciate it,0,0,raymoo_hackery,523,"she/her, 18, autistic, ",0,SC
2023-01-08 02:18:46+00:00,"@user Thank you for everything honestly
Youre too kind
Im glad to have you as a friend",0,1,raymoo_hackery,523,"she/her, 18, autistic, ",0,SC
2023-01-08 02:02:47+00:00,@user Its just difficult when everything is a complex buildup of all the situations I have encountered throug http,0,1,raymoo_hackery,523,"she/her, 18, autistic, ",1,SC
2023-01-08 01:53:01+00:00,I dont want to hurt people and I dont want anyone to hate me because I cant cope with the fact that theres thin http,0,4,raymoo_hackery,523,"she/her, 18, autistic, ",2,SC
2023-01-08 01:53:00+00:00,"Theres so many things I want to say and get off my chest, but I dont want to hurt anybody and I dont trust anyon http",0,4,raymoo_hackery,523,"she/her, 18, autistic, ",2,SC
2023-01-08 01:47:21+00:00,Im a mess.,0,4,raymoo_hackery,523,"she/her, 18, autistic, ",2,SC
2023-01-08 01:47:21+00:00,"Despite my outward appearance, I think my heart is too filled with distrust, hatred, and jealousy
And I wonder to m http",0,4,raymoo_hackery,523,"she/her, 18, autistic, ",1,SC
2023-01-08 01:47:20+00:00,"Im fucking. Mentally ill.
This doesnt fit my little bubble of perfection, therefore it must be purged says my b http",0,4,raymoo_hackery,523,"she/her, 18, autistic, ",2,SC
2023-01-08 01:47:20+00:00,Raymoo try not to feel personally attacked when someone is slightly different from her or doesnt fit her perfect l http,0,5,raymoo_hackery,523,"she/her, 18, autistic, ",2,SC
2023-01-08 01:37:28+00:00,"RT @user yuuma my beloved
# # # #   # # http",11,0,raymoo_hackery,523,"she/her, 18, autistic, ",0,SC
2023-01-08 01:31:31+00:00,RT @user Fun youkai mythology fact: Oni tend to really take pride in their horns and a broken horn is both symbolically and literally,2,0,raymoo_hackery,523,"she/her, 18, autistic, ",0,SC
2023-01-08 01:30:26+00:00,RT @user  http,62,0,raymoo_hackery,523,"she/her, 18, autistic, ",0,SC
2023-01-08 01:29:48+00:00,RT @user http,49,0,raymoo_hackery,523,"she/her, 18, autistic, ",0,SC
2023-01-08 01:29:35+00:00,RT @user 5 http,331,0,raymoo_hackery,523,"she/her, 18, autistic, ",0,SC
2023-01-08 01:27:44+00:00,RT @user http,5202,0,raymoo_hackery,523,"she/her, 18, autistic, ",0,SC
2023-01-08 01:22:38+00:00,RT @user  http,304,0,raymoo_hackery,523,"she/her, 18, autistic, ",0,SC
2023-01-08 01:14:39+00:00,RT @user real http,1,0,raymoo_hackery,523,"she/her, 18, autistic, ",0,SC
2023-01-08 00:56:15+00:00,"@user This post isnt just referring to Momoyo tho, Im also a really huge fan of actual centipedes lol",0,2,raymoo_hackery,523,"she/her, 18, autistic, ",0,SC
2023-01-07 23:24:34+00:00,RT @user i love you sumireko shitpost bot http,68,0,raymoo_hackery,523,"she/her, 18, autistic, ",0,SC
2023-01-07 23:22:33+00:00,"@user Epic millipedes ong
There are so many centipede species Id love to keep, including many that dont eve http",0,0,raymoo_hackery,523,"she/her, 18, autistic, ",0,SC
2023-01-08 01:48:12+00:00,/ bout to hurt myself with a solo guys hang on,0,0,brokenolympian,397, with carina ,2,SC
2023-01-08 03:09:39+00:00,"@user ""can we go to bed? i kinda just wanna be held right now, if that's okay?"" 

she looks up at carina, h http",0,0,brokenolympian,397, with carina ,1,SC
2023-01-08 02:37:36+00:00,"showing up at @user door, bloody, coughing up smoke, and tired.",0,1,brokenolympian,397, with carina ,2,SC
2023-01-08 02:36:49+00:00,/ SOBBING http,0,1,brokenolympian,397, with carina ,2,SC
2023-01-08 02:36:29+00:00,"""no! no, i- i don't want to be by myself, i'm here alone, i, i live in seattle, i don't have anybody and i can't go http",0,1,brokenolympian,397, with carina ,2,SC
2023-01-08 02:34:02+00:00,"@user ""hi back."" she mumbles, ""I missed you, and i'm in so much pain right now, i just had to be with you.""",0,0,brokenolympian,397, with carina ,1,SC
2023-01-08 02:12:22+00:00,wait. seriously? oh my god! that's awesome! congratulations! http,0,1,brokenolympian,397, with carina ,0,SC
2023-01-08 02:11:48+00:00,collapsing in @user arms.,0,1,brokenolympian,397, with carina ,0,SC
2023-01-08 02:11:01+00:00,"she shakes her head, it's all blurry, and out of focus, she knows she was here in this city, on loan from seattle, http",0,2,brokenolympian,397, with carina ,1,SC
2023-01-08 02:04:25+00:00,"damn. i just picked up a nose and got a wife. 

gotta step it up diaz http",0,0,brokenolympian,397, with carina ,0,SC
2023-01-08 01:48:12+00:00,/ bout to hurt myself with a solo guys hang on,0,0,brokenolympian,397, with carina ,2,SC
2023-01-08 01:47:43+00:00,"RT @user you cry for the mother you wish you had. you cry for the mother you have, who doesn't seem to want you.",79,0,brokenolympian,397, with carina ,2,SC
2023-01-08 01:46:32+00:00,where's travis ?,0,0,brokenolympian,397, with carina ,2,SC
2023-01-08 01:45:36+00:00,"""some... some water would be nice.""

she sinks to the chair opposite the detectives desk, grateful to be off her fe http",0,1,brokenolympian,397, with carina ,0,SC
2023-01-08 01:41:41+00:00,"she was sunshine 
      i was midnight rain http",0,0,brokenolympian,397, with carina ,0,SC
2023-01-08 01:35:03+00:00,"[ @user ]

she's wandering into this strange station alone, she's alone, in this strange city, and her he http",0,1,brokenolympian,397, with carina ,1,SC
2023-01-08 01:30:59+00:00,"@user ""i don't, well, i mean... maybe ?""

she's not very good at this, talking about things, but to talk to http",0,0,brokenolympian,397, with carina ,1,SC
2023-01-08 01:27:36+00:00,"@user she sighs in relief that this doesn't seem to be as awkward as she thought. it's a nice feeling. 

""i' http",0,1,brokenolympian,397, with carina ,0,SC
2023-01-08 01:23:38+00:00,work was way too long. http,0,0,brokenolympian,397, with carina ,2,SC
2023-01-08 01:23:05+00:00,@user i never get tired of hearing that,0,0,brokenolympian,397, with carina ,0,SC
2023-01-08 01:21:24+00:00,"[ @user ]

""dr shepherd? can we chat?""

she lingers by the 
brunette's doorway, shifting 
uncomfortably on h http",0,0,brokenolympian,397, with carina ,1,SC
2023-01-08 01:43:00+00:00,"@user  thought process, me deciding to go away for school had a lot to do with the danger factor. I just http",0,0,A3000KindOfLove,158,New York,2,PC
2023-01-08 01:43:13+00:00,"@user  the park invitation was already out there, so I couldn't take it back now}",0,0,A3000KindOfLove,158,New York,2,PC
2023-01-08 01:43:12+00:00,"@user  know if I could trust him with my secret, yet I didn't want to continue a friendship based on lie http",0,0,A3000KindOfLove,158,New York,2,PC
2023-01-08 01:43:11+00:00,"@user  a ticket. {Was this a date? I don't even know, at this point. I mean, obviously my wall was up, b http",0,0,A3000KindOfLove,158,New York,2,PC
2023-01-08 01:43:10+00:00,"@user  uncomfortable between us} Anyway, there's a movie in the park thing happening tomorrow night... D http",0,0,A3000KindOfLove,158,New York,1,PC
2023-01-08 01:43:08+00:00,@user  really was... He was my hero... The best guy I knew... He was my best friend. {I muttered out qui http,0,0,A3000KindOfLove,158,New York,0,PC
2023-01-08 01:43:07+00:00,"@user  topic of my dad's death was a touchy one for me. Still, even though my instinct was to pull my ha http",0,0,A3000KindOfLove,158,New York,1,PC
